fips,lifeExp,se
8001007801,74.4,3.97
8001007802,74.3,2.3108
8001007900,69.8,1.6002
8001008000,77.2,1.2953
8001008100,80.9,1.9692
8001008200,76.6,1.9883
8001008308,72.3,1.4037
8001008309,75,1.8138
8001008353,79.4,2.8771
8001008401,76.1,1.2401
8001008402,77.3,1.7285
8001008505,77.1,1.7483
8001008506,72.7,1.4114
8001008507,79.6,2.1426
8001008508,76.4,2.0196
8001008523,79.2,2.0632
8001008524,78.6,1.7587
8001008529,80,2.0129
8001008533,76.4,1.1718
8001008534,78.9,2.0182
8001008535,78.4,2.8893
8001008537,80.4,2.0788
8001008538,81.3,2.1303
8001008539,81,2.7481
8001008540,82.4,3.1703
8001008541,83.1,3.3451
8001008542,76.8,2.2467
8001008543,76.6,1.2678
8001008544,81.3,1.9838
8001008545,81.7,2.3146
8001008546,81.3,3.0625
8001008547,75,1.597
8001008550,83.2,3.2379
8001008603,74.8,1.5534
8001008604,77.7,1.2864
8001008605,77.1,1.1454
8001008606,79,1.9341
8001008705,74.9,1.4372
8001008706,72.9,1.3796
8001008709,76.8,1.8181
8001008801,74.8,1.4562
8001008802,74.7,1.9982
8001008901,75.8,2.2178
8001009001,76.8,1.7503
8001009002,77.8,1.4321
8001009101,75.5,1.4283
8001009103,77.5,2.7109
8001009104,77.3,2.6535
8001009202,76.5,1.3665
8001009203,77.1,2.1526
8001009204,77.9,2.3559
8001009206,79.3,3.122
8001009207,79.4,2.1417
8001009304,77.8,1.7281
8001009306,81.3,3.828
8001009307,79.6,3.4205
8001009308,79.5,2.0626
8001009309,78.7,1.239
8001009310,79.5,1.7962
8001009316,78.7,1.3895
8001009318,77.1,2.5375
8001009319,67.7,1.1628
8001009320,72.4,2.0638
8001009321,77.4,1.954
8001009322,80.8,2.2976
8001009323,78.8,2.4321
8001009325,84.1,2.7486
8001009326,82.3,1.7344
8001009327,79.8,1.4748
8001009401,79.7,1.4076
8001009406,80.4,1.8318
8001009407,78.5,1.9464
8001009408,86.3,3.6573
8001009409,82.2,2.3282
8001009410,80,1.2841
8001009411,79.2,1.4043
8001009501,78.7,1.2681
8001009502,79.3,2.1996
8001009553,74.3,2.3586
8001009603,76.1,1.4496
8001009604,76,1.1697
8001009606,77.8,2.6643
8001009607,77.3,1.6181
8001009608,82.3,3.5224
8001009751,72.3,2.1048
8001009752,79.4,2.966
8001015000,74.2,1.5053
8001060100,83.2,3.3076
8001060200,79,3.1167
8003960000,81,1.178
8003960100,81,1.3011
8003960200,75.5,0.9393
8003960300,75.1,1.6303
8005004952,79.7,3.318
8005005551,71,1.9581
8005005552,76.5,1.8017
8005005553,79.3,2.1555
8005005611,81.3,1.8598
8005005612,80.8,1.9205
8005005614,79.7,1.6195
8005005619,81.1,1.1222
8005005620,84.7,1.9845
8005005621,82.2,1.2838
8005005622,85,2.3083
8005005623,80.9,1.2124
8005005624,82.5,2.0131
8005005625,79.7,2.4372
8005005626,81.2,1.3942
8005005627,82.2,1.4649
8005005628,81.3,1.3079
8005005629,84.6,2.7184
8005005630,82.1,1.8724
8005005631,80.6,1.6752
8005005632,85.6,3.0027
8005005633,87.8,3.6902
8005005634,84.1,1.7488
8005005635,83.3,1.2326
8005005636,81.7,1.583
8005005700,75.2,3.8054
8005005800,78.3,1.6649
8005005951,77,0.9755
8005005952,83.9,2.1487
8005006000,76.1,2.1632
8005006100,73.2,1.4155
8005006200,75.6,1.3518
8005006300,76.6,1.6739
8005006400,79.6,2.624
8005006501,75.1,2.2478
8005006502,77,1.8124
8005006601,74.7,1.5059
8005006603,80.8,1.4965
8005006604,78.1,1.4835
8005006704,81.9,1.0371
8005006706,86.3,2.5934
8005006707,81.1,1.3233
8005006708,82.5,1.3581
8005006709,85.4,2.328
8005006711,81.3,1.601
8005006712,81.1,3.045
8005006808,83.2,1.8262
8005006815,80,1.7602
8005006854,78.7,1.7577
8005006855,81.9,0.9726
8005006856,80.3,2.7321
8005006857,84.2,2.6185
8005006858,78.8,1.9754
8005007101,82.6,2.2729
8005007103,81.8,3.7935
8005007104,81.4,3.8948
8005007105,80.3,3.1866
8005007201,76.5,1.0751
8005007202,73.6,1.5035
8005007301,75.7,2.9568
8005007302,74.6,2.3268
8005007400,75.9,1.0762
8005007500,78.2,1.9386
8005007600,77.8,2.5892
8005007702,77.6,0.9165
8005007703,78.2,2.0574
8005007704,79.1,2.2719
8005015100,79.2,1.4298
8005080000,81.1,2.9507
8005080100,76.3,1.2248
8005080200,82.4,2.867
8005080300,78.7,1.5582
8005080400,81,2.3168
8005080500,81.9,2.1604
8005080600,78.3,2.7487
8005080700,78.7,1.1466
8005080800,80,3.4724
8005080900,80.3,2.3052
8005081000,76.5,1.5326
8005081100,80.4,3.6841
8005081200,77.9,2.2888
8005081300,77,2.468
8005081400,78.1,1.3253
8005081600,77.7,1.405
8005081700,83.6,3.3155
8005081800,75.9,1.0837
8005081900,79.2,2.8108
8005082000,76.2,2.1107
8005082300,76.7,2.4122
8005082400,77.9,1.639
8005082500,77,2.216
8005082600,75.4,2.2387
8005082700,79.6,2.2978
8005083000,81.3,2.6326
8005083200,80.9,3.2675
8005083300,82.5,2.5111
8005083500,79.3,2.2484
8005083600,79.7,2.5112
8005083700,79.7,1.0784
8005083800,77.2,1.7069
8005083900,80.7,2.5673
8005084000,78.2,2.3259
8005084100,77.2,1.734
8005084200,77.8,2.8883
8005084300,79.8,3.2571
8005084400,79.2,2.4448
8005084500,77.8,2.0644
8005084600,79.4,2.2672
8005084700,77.2,1.2805
8005084800,78.8,3.3004
8005084900,81.2,1.7434
8005085200,85.3,3.1243
8005085300,81.2,3.1712
8005085400,80,3.1448
8005085500,83.9,2.7374
8005085600,81.3,2.7219
8005085700,78.1,2.6932
8005085800,78.6,1.6111
8005086200,82.6,3.1201
8005086300,82.7,3.4499
8005086500,81.3,2.1475
8005086700,79.6,2.8052
8005086800,77.4,2.2051
8005087100,75.6,1.7796
8005087200,79.7,1.56
8005087300,81.4,2.0645
8007940400,79.8,1.2432
8007974200,79.3,1.4167
8007974300,87.8,3.2488
8007974400,81.3,1.5084
8009964600,83.9,2.7341
8009964700,76.1,1.4166
8011966700,78,1.3234
8013012102,80.3,1.9183
8013012104,81.5,2.4285
8013012105,83.1,2.541
8013012203,83,1.9945
8013012501,84.3,3.3294
8013012505,86.2,2.1288
8013012507,81.2,1.3579
8013012509,84.7,1.8235
8013012510,83.4,1.86
8013012511,80.6,0.8542
8013012603,86.3,3.397
8013012608,73.9,1.3865
8013012701,80.9,1.3327
8013012705,83.6,2.9405
8013012707,79.9,1.5298
8013012708,81.8,1.3338
8013012709,83.8,2.0102
8013012710,83.8,2.2714
8013012800,88.5,3.2045
8013012903,83,2.3624
8013012904,80.6,1.76
8013012905,81.6,2.7548
8013013003,83.4,1.9609
8013013004,80.6,2.7779
8013013005,84.4,2.8394
8013013006,83.4,3.7018
8013013201,78.5,1.4758
8013013207,84.8,2.7859
8013013208,80.2,1.151
8013013210,79.2,1.2144
8013013211,82.8,2.5208
8013013212,79.8,1.063
8013013213,79.2,2.2293
8013013302,82.5,2.1192
8013013305,83.3,3.201
8013013306,76.8,1.2207
8013013307,77.9,1.6666
8013013308,75.5,1.0571
8013013401,79.2,1.8052
8013013402,79.1,1.2231
8013013503,78.1,1.7591
8013013505,76.8,1.4401
8013013506,82.9,2.3023
8013013508,83.3,2.7088
8013013601,82.4,1.7128
8013013602,82.2,1.985
8013013701,82.2,1.2798
8013013702,85.8,3.3028
8013060600,79.5,2.3022
8013060700,82.6,2.2479
8013060800,78.4,1.3644
8013060900,80.1,1.685
8014030000,81.4,2.3961
8014030100,78.8,1.6121
8014030300,76.1,1.2312
8014030400,82,2.5355
8014030500,84.3,2.2073
8014030600,78.1,2.2808
8014030700,78.9,3.6701
8014030800,79.3,2.0517
8014030900,81.1,1.3727
8014031000,84.9,3.1961
8014031100,80.5,1.4708
8014031200,81.1,2.2675
8014031400,85.4,2.9148
8015000100,76.7,1.3363
8015000200,79.7,0.7717
8015000300,83.8,2.146
8015000401,79.6,1.6424
8017960600,89.5,2.8702
8019014700,84.4,3.9808
8019014800,83.9,3.1257
8019014900,80.4,3.5832
8021974800,84.9,2.2079
8021974900,79.6,1.258
8023972600,80.1,0.9343
8023972700,78.9,1.2317
8025969600,76.4,0.6955
8027970100,82.7,2.3977
8029964600,78.1,1.4981
8029964700,78.8,1.7544
8029964800,79.8,1.6478
8029964900,79.7,1.4902
8029965000,79.5,1.8279
8029965100,77.8,1.6728
8029965200,78.5,1.7309
8031000102,78.5,1.9726
8031000201,80.5,1.8853
8031000202,74.7,1.2127
8031000301,79.8,1.7946
8031000302,80.3,2.3864
8031000303,78.3,1.1153
8031000401,77.7,1.9833
8031000402,74.6,1.6787
8031000501,79.4,1.4202
8031000502,78.5,1.6517
8031000600,80.9,2.4532
8031000701,76.3,1.8228
8031000702,75.9,2.5899
8031000800,75,3.1239
8031000902,79.5,2.0704
8031000903,77.5,1.7719
8031000904,76.2,1.0682
8031000905,78.5,2.8739
8031001000,72.2,1.836
8031001101,74.5,1.5568
8031001102,78,2.0883
8031001301,80.1,2.1324
8031001302,78.7,2.4378
8031001401,77.2,1.5197
8031001402,77.4,1.2355
8031001403,79.1,2.9652
8031001500,72.8,1.9674
8031001600,74.5,3.0176
8031001701,78.9,1.4066
8031001702,76,2.4957
8031001800,74.2,2.231
8031002100,80.9,3.2754
8031002300,74.8,1.9487
8031002402,70.3,2.0488
8031002403,81,2.414
8031002601,78.6,2.5945
8031002602,71.4,3.0082
8031002702,75.6,1.4474
8031002703,70.5,2.4842
8031002801,81.5,1.7873
8031002802,77.1,2.8477
8031002901,83.7,3.868
8031002902,83.5,3.1512
8031003001,84.4,2.9321
8031003002,78,1.8062
8031003003,81.2,3.4306
8031003004,83.8,2.5718
8031003101,70.9,2.8596
8031003102,80,1.589
8031003201,79.6,2.921
8031003202,77.4,1.5524
8031003300,80.8,1.9371
8031003401,85.6,2.7774
8031003402,83.9,1.5961
8031003500,76.2,1.8224
8031003601,75.1,2.0881
8031003602,77.1,1.5581
8031003603,74.1,1.9927
8031003701,73.9,1.5589
8031003703,78.4,2.7525
8031003800,82.3,1.3644
8031003901,83.3,1.8684
8031003902,84.1,1.6786
8031004002,83.5,1.5015
8031004003,79.8,1.4712
8031004004,84.5,1.7814
8031004005,75.9,2.1098
8031004006,83.9,2.3724
8031004101,76.4,1.2585
8031004102,77.1,2.0462
8031004103,80.5,1.9675
8031004104,77,1.8944
8031004106,81.3,3.4064
8031004107,81.3,2.1704
8031004201,82,2.3609
8031004202,82.1,1.8368
8031004301,76.9,1.5901
8031004302,82.7,2.4318
8031004303,85.9,1.945
8031004304,81.6,1.9214
8031004306,84.2,1.5331
8031004403,76.1,2.5384
8031004404,77.6,2.5918
8031004405,79.4,1.5132
8031004503,71.7,1.7045
8031004504,75.2,1.5292
8031004505,77.9,3.6112
8031004506,76.6,1.6664
8031004601,78.4,1.6144
8031004602,73.7,1.2912
8031004603,78.3,1.6315
8031004700,78.4,1.6277
8031004801,79.4,1.3909
8031005001,75.2,1.6279
8031005002,80,1.3077
8031005102,77.5,1.5685
8031005104,71.7,1.3388
8031005200,83,2.019
8031005300,74.7,3.5886
8031005502,79.1,1.4038
8031005503,76.4,1.1686
8031006701,82.4,3.9326
8031006804,81.8,3.5573
8031006809,81.3,1.5493
8031006810,83.1,2.062
8031006811,80.7,1.3736
8031006812,82.6,1.2775
8031006813,78.1,1.4409
8031006901,73.8,1.25
8031007013,79.2,1.2717
8031007037,76.8,2.6635
8031007088,77.6,1.6872
8031008304,77.2,1.8413
8031008306,80.4,2.1498
8031008312,80.6,2.9298
8031008386,76.2,2.6326
8031008387,76.8,1.4377
8031008389,80.4,2.2011
8031008390,77.9,2.3096
8031008391,79.6,2.6425
8031011902,78.8,1.6497
8031011903,84.3,2.4225
8031012001,81.3,1.5647
8031012010,83.5,2.4105
8031012014,79.8,1.651
8031015300,82.5,2.2775
8031015400,77.4,1.9971
8031015500,73.6,2.7246
8031015600,74.9,1.6625
8031015700,73.8,1.3391
8033000100,76.8,0.8372
8035013901,87.1,2.4268
8035013904,79.8,1.2866
8035013905,78.4,1.5444
8035013907,83.9,2.9228
8035013908,82,1.812
8035013909,81.6,1.8733
8035013910,82.1,2.3051
8035013911,78.7,2.0372
8035014001,81.4,2.0504
8035014005,80.9,2.106
8035014006,85.6,3.9998
8035014007,80.3,3.1011
8035014010,84.1,3.9271
8035014011,79.5,1.767
8035014012,81.4,1.4919
8035014013,81.2,1.6948
8035014107,83.7,2.1227
8035014108,82.1,1.4288
8035014109,85.4,2.013
8035014110,80.8,1.2419
8035014112,82.4,1.7372
8035014113,81.5,1.5442
8035014114,78.8,1.6348
8035014115,83.7,2.9475
8035014116,81.3,3.2394
8035014122,81.1,2.0005
8035014123,81.4,1.8146
8035014124,80.4,3.1586
8035014125,86.7,3.8669
8035014126,81.3,1.756
8035014127,81.6,1.7336
8035014131,84.2,1.6543
8035014132,84.4,3.1286
8035014133,82.5,3.7338
8035014134,81.3,1.7417
8035014135,81.7,2.3722
8035014136,83.2,3.5378
8035014137,86,3.8751
8035014140,81.6,1.9286
8035014202,82.2,1.9628
8035014203,84.7,2.6359
8035014204,82.2,2.2723
8035014403,84.5,3.1197
8035014404,82.2,1.4157
8035014405,82.4,2.6667
8035014406,80.7,1.2186
8035014503,82,2.4124
8035014504,79.7,1.5514
8035014505,78.6,1.0104
8035014602,81.6,1.606
8035014603,80,2.2974
8037000200,82.4,2.8553
8037000301,83.1,3.1367
8037000403,82.6,2.4246
8037000503,81.5,3.5428
8039961100,83.1,2.5955
8039961204,80.1,1.897
8039961205,79.8,3.0159
8039961206,81.1,2.0782
8039961207,81,1.9402
8039961208,79.9,1.1816
8039961209,78.6,2.285
8041000101,78.4,1.1476
8041000102,79,1.7679
8041000202,79.1,1.1679
8041000203,79.5,1.5696
8041000301,73.7,1.6253
8041000302,77,1.039
8041000400,79.4,1.4216
8041000500,79.4,1.9853
8041000600,80.3,1.5558
8041000700,80.7,2.3123
8041000800,82,3.0268
8041000900,80.6,1.3664
8041001101,76.9,3.4995
8041001104,81.8,3.6765
8041001301,73.4,2.1881
8041001302,76.4,1.181
8041001400,75.1,1.2914
8041001700,77.3,2.7699
8041001800,79.4,1.5355
8041001900,76.6,2.497
8041002000,74.8,1.0984
8041002101,69,1.4827
8041002102,74.4,1.3757
8041002200,70.8,1.5931
8041002300,71.3,3.4389
8041002400,76,1.1603
8041002501,81.6,1.6421
8041002502,81.1,1.6715
8041002700,71.1,2.2669
8041002800,73.1,1.608
8041002900,72.9,1.2524
8041003000,78.9,2.0846
8041003303,76.3,1.1767
8041003305,84.8,1.6442
8041003306,80.7,2.1316
8041003307,81.8,2.1144
8041003308,77.5,2.1662
8041003400,82.3,2.2424
8041003701,84.8,2.3843
8041003702,82.4,1.6131
8041003705,81.2,1.8298
8041003706,83.8,2.015
8041003707,81.6,2.2614
8041003708,85.8,3.2697
8041003709,82.1,2.2501
8041003902,81.8,2.1488
8041003905,77.8,1.5573
8041003906,86.2,3.171
8041003909,77,0.9256
8041004100,77.4,1.4212
8041004300,78.6,2.0663
8041004501,71.7,1.5317
8041004502,81,2.6239
8041004503,81.5,2.7585
8041004506,76,1.5259
8041004507,81.4,3.4827
8041004508,77.4,2.9706
8041004511,77.2,1.223
8041004602,76.8,1.3478
8041004603,77.8,1.7236
8041004701,77.9,1.0625
8041004702,75.3,2.7477
8041004703,81.1,2.0333
8041004705,81.3,2.7309
8041004706,81.9,2.6179
8041004800,78.6,2.0469
8041004902,82.1,1.354
8041005000,74.6,1.7731
8041005105,78.1,2.2347
8041005107,81.9,3.0927
8041005108,79.5,1.9432
8041005109,86,2.6833
8041005110,77.6,2.3144
8041005111,79.7,3.9582
8041005201,73.9,1.4748
8041005202,75.6,1.9701
8041005300,73.6,1.5178
8041005400,72.2,1.6402
8041005501,79.8,1.5106
8041005502,79.2,2.7044
8041005601,82.4,2.2548
8041005602,81.4,2.1624
8041005700,82.2,2.2256
8041005800,84.3,2.9122
8041005900,77.4,1.1672
8041006000,77.4,1.6487
8041006100,75.8,3.1951
8041006200,78,1.8423
8041006302,76.5,3.7651
8041006400,78.7,3.1335
8041006501,75.6,1.6346
8041006502,76.3,2.348
8041006600,77.5,1.7053
8041006700,80.2,1.8742
8041006801,79.5,1.1588
8041006802,84.6,3.6702
8041006901,80.3,2.0913
8041006902,83.2,2.1075
8041007000,84.3,2.7352
8041007101,81.2,2.5739
8041007102,83.6,2.4546
8041007201,81,1.6327
8041007202,85.7,2.7781
8041007300,82.4,1.8753
8041007400,83.9,2.007
8041007500,81.3,1.0723
8041007601,81.4,1.838
8041007602,79.2,1.9824
8041007700,80.7,1.6254
8041007800,81.7,1.283
8041007900,83.3,3.4598
8041008000,76.1,1.5792
8043978100,75.3,1.4535
8043978200,73.8,1.5832
8043978300,77.7,1.551
8043978400,79.4,1.7498
8043978500,72.2,1.0895
8043978600,76.2,1.7814
8043978800,74.3,2.1596
8043979000,81.3,3.6839
8043979100,75.7,1.4168
8043979200,72.6,2.2643
8043979400,79,1.1606
8045951600,82.7,1.8203
8045951701,81.7,2.7098
8045951702,78.3,1.6711
8045951803,81.2,2.2406
8045951804,84.5,2.8686
8045951901,77.6,1.3626
8045951902,82.6,2.8934
8045952001,79.8,2.4386
8045952002,74.9,1.1411
8045952100,89.4,3.8323
8047013800,81.8,3.3289
8049000100,79.5,1.6879
8049000201,80.4,1.5287
8049000202,81.7,2.9382
8051963600,81.4,1.2762
8051963700,79.2,1.3671
8051963800,81.4,2.1226
8053973100,81.4,1.2955
8055960900,81.4,2.0088
8057955600,78.7,1.1642
8059009806,84.3,2.0173
8059009807,77.6,2.0821
8059009808,80.4,1.7214
8059009815,83.9,1.6295
8059009823,79.7,1.74
8059009824,82.1,1.9688
8059009827,81.3,1.645
8059009828,81,1.4004
8059009830,79.4,2.0026
8059009832,78.8,1.1794
8059009833,82,2.2678
8059009834,82.3,2.8154
8059009835,82.7,2.1232
8059009836,81.1,2.1669
8059009837,81,2.1816
8059009838,87,2.9995
8059009840,83.3,1.8903
8059009841,83,2.0337
8059009842,85.9,2.8401
8059009843,80.4,1.107
8059009845,80.2,3.0604
8059009847,81.9,2.4072
8059009849,78.1,1.7221
8059009850,81.3,2.8754
8059009851,85,2.3186
8059009852,81.8,1.4539
8059010000,80.4,1.012
8059010100,79.3,2.1949
8059010205,82.2,1.6901
8059010206,82,1.5629
8059010208,80.1,2.2523
8059010210,79.4,1.0921
8059010211,78.9,1.3011
8059010212,77.5,1.2652
8059010213,77.2,1.2293
8059010303,78.3,1.4142
8059010304,80.6,1.8322
8059010305,77.5,1.4764
8059010306,79.4,1.2837
8059010307,78.7,1.6055
8059010308,80.1,1.5044
8059010402,74.8,1.1909
8059010403,74.9,1.5419
8059010405,80.8,3.5672
8059010406,73.9,1.8026
8059010502,79.4,1.23
8059010503,78.8,1.87
8059010504,80.7,1.3178
8059010603,74.4,1.9245
8059010604,75.7,2.2485
8059010701,78.9,1.371
8059010702,73.1,1.4604
8059010801,81.7,1.7896
8059010901,80.8,2.1307
8059010902,70.7,2.0434
8059011000,75.6,1.218
8059011100,76.3,1.4426
8059011202,79.8,1.3249
8059011300,73.5,1.4077
8059011401,67.3,1.6086
8059011402,77.3,1.8796
8059011550,75.6,1.8375
8059011601,73.2,1.1388
8059011602,69.7,1.1524
8059011701,80.5,1.2128
8059011702,79.5,1.0754
8059011709,79.4,2.1765
8059011710,82.4,2.4737
8059011711,77.7,1.3204
8059011712,82,1.0451
8059011720,83.6,2.3531
8059011721,77.8,1.4982
8059011723,76.3,1.538
8059011724,83.8,3.1644
8059011725,82.1,1.4937
8059011726,82.5,1.5028
8059011727,80,1.3594
8059011728,81.8,1.8426
8059011729,79.3,1.0661
8059011730,80.2,2.6004
8059011731,81.1,2.1075
8059011733,78.7,3.391
8059011803,79.4,0.9419
8059011804,83.9,1.8089
8059011805,73.8,1.5531
8059011806,78.5,1.0496
8059011904,81.9,2.4597
8059011951,78.9,1.3666
8059012022,81.8,2.0788
8059012023,81.1,2.8106
8059012024,83.2,1.9064
8059012026,85.8,3.2374
8059012027,76.5,1.8375
8059012031,83.4,2.8329
8059012032,82.2,1.717
8059012033,78.4,1.7268
8059012035,83.5,1.8257
8059012036,82.1,2.9117
8059012037,81.4,2.1993
8059012038,81.3,3.496
8059012039,79.7,2.5385
8059012041,78.1,2.8703
8059012042,87.1,3.4972
8059012045,78.4,1.6491
8059012046,81.5,2.5638
8059012047,83.6,3.7412
8059012049,83.9,2.0359
8059012050,84.9,2.8444
8059012051,82.2,1.43
8059012052,77.6,3.5079
8059012053,83.7,2.2415
8059012054,81.5,1.3209
8059012055,79.7,1.5489
8059012057,77.7,1.1786
8059012059,78.7,1.2674
8059012060,78.5,2.1431
8059015800,79.7,1.5224
8059015900,85.1,3.5985
8059060300,82.3,1.6441
8059060400,80.1,1.9014
8059060500,79,1.0407
8061960100,78.2,0.8861
8063962100,80.4,1.1703
8063962200,79,1.7703
8063962300,80.7,2.3294
8065961700,78.6,2.1789
8067940300,85.5,1.869
8067940400,81.2,1.3902
8067970600,86.1,2.8073
8067970701,82.6,1.4111
8067970703,81.9,1.9626
8067970704,82.1,2.2269
8067970800,78.9,1.1234
8067970900,81.9,2.2257
8067971000,80.5,1.6228
8067971100,76.5,1.5842
8069000202,77.3,2.1723
8069000300,81.4,1.8505
8069000401,76.1,2.9307
8069000402,79.9,2.3103
8069000503,75.2,3.37
8069000700,78.8,2.5341
8069000801,79.4,1.7307
8069000802,68.8,1.7622
8069000901,78.9,1.5111
8069000902,85,2.1454
8069001003,78.7,1.5696
8069001004,85.8,2.1217
8069001007,87.2,2.8071
8069001008,80.7,2.8223
8069001009,80.3,1.0936
8069001010,79.5,2.0454
8069001104,79.8,2.012
8069001106,80.8,2.8494
8069001107,78.6,1.7957
8069001109,81.6,1.696
8069001110,79.8,1.6362
8069001112,76.4,1.3039
8069001113,80.2,1.8653
8069001114,81.9,1.218
8069001301,84.1,3.2128
8069001304,80.2,3.9798
8069001305,78,3.278
8069001307,79.9,1.8855
8069001308,84.2,1.6414
8069001601,77.4,1.8433
8069001602,85.3,1.7851
8069001603,80,1.9139
8069001605,81.4,3.6054
8069001607,80.8,2.2655
8069001608,83.1,2.568
8069001704,78.1,1.2264
8069001706,79.1,1.6585
8069001707,78.5,2.0131
8069001708,79.4,2.0655
8069001709,84.6,1.8855
8069001804,80.3,2.2322
8069001806,81.5,1.2679
8069001807,81.8,1.794
8069001808,83.4,1.6116
8069001809,81.2,1.2685
8069001901,75.6,1.2272
8069001902,81.1,1.0207
8069001903,81.4,1.9091
8069002005,80.9,2.0899
8069002007,77.5,1.4667
8069002008,78.1,1.3211
8069002010,80.3,1.8999
8069002011,81.7,1.3795
8069002300,83.9,2.1607
8069002501,85.4,2.2265
8069002502,80.8,2.0552
8069002503,83.7,2.6268
8069002600,81.3,1.5499
8069002700,79.9,1.402
8069002801,84.6,1.9674
8069002802,82.7,2.0212
8071000100,78,1.7099
8071000200,82.4,2.3547
8071000300,80.7,3.3018
8071000400,75.7,2.3231
8071000500,72.7,1.6379
8071000800,82.2,2.1378
8073961700,83.3,1.8707
8073961800,78.3,1.7209
8075965900,78.9,1.6767
8075966000,77.5,2.376
8075966100,78.7,0.8399
8075966200,78,1.9059
8075966300,78.7,0.7508
8075966400,77.3,1.4216
8077000200,74.3,1.5515
8077000300,73,2.384
8077000400,78.1,1.8163
8077000601,74.6,1.4523
8077000602,75.4,1.9444
8077000700,72.8,1.2523
8077000800,77.8,1.777
8077000900,78.6,2.0785
8077001001,79,1.7644
8077001002,81.7,1.0784
8077001101,78.9,1.6838
8077001102,81.2,1.4078
8077001200,82.2,2.6381
8077001301,76.7,1.2868
8077001302,82.1,1.6683
8077001402,83.1,1.6173
8077001403,80.9,1.59
8077001501,77.8,1.0552
8077001502,81.2,1.5608
8077001600,78.7,1.9502
8077001702,79.5,0.7134
8077001703,78.3,1.5234
8077001705,73.6,1.2005
8077001706,76.8,1.5553
8077001707,77.3,2.829
8077001800,83.8,2.1097
8077001900,79.9,1.3413
8081000300,79,1.7097
8081000400,75.4,1.2317
8081000500,79.7,2.1626
8081000600,77.6,1.2438
8083941100,75.5,3.0097
8083969000,80.4,1.2205
8083969100,80.4,1.6494
8083969200,86.2,3.5001
8083969300,76.6,1.3905
8083969400,79.5,1.6946
8083969600,87.2,2.9703
8085966100,78.2,0.8957
8085966201,82.6,3.046
8085966202,81.4,1.5751
8085966300,76.5,1.1941
8085966400,77.3,1.0348
8085966501,79,2.5634
8085966502,82.1,1.8073
8085966503,77.1,2.8977
8085966601,79.3,1.9677
8085966602,80.3,1.7931
8087000100,84.4,3.3211
8087000200,81.4,2.0767
8087000300,80,3.9121
8087000400,78.2,1.3152
8087000500,77.8,2.2802
8087000600,79.6,1.4829
8087000700,75.2,1.1848
8087000800,81.1,3.169
8089968000,74.9,1.6224
8089968100,72.3,1.8101
8089968200,77.5,1.476
8089968300,77.5,1.4227
8089968400,78.9,3.0477
8089968500,83.8,3.6428
8089968600,73.7,1.1686
8091967600,83.2,2.3893
8093000100,79.9,1.5014
8093000200,81,2.4245
8095967600,79.6,1.6357
8095967700,80.6,1.8695
8097000100,82.6,2.6758
8097000401,81.9,2.1525
8097000402,82.6,1.8201
8097000500,82.6,3.878
8099000100,82.4,3.102
8099000200,72.8,2.6284
8099000300,77.3,1.3898
8099000600,79.9,2.013
8099000700,81.9,2.1828
8101000100,74.8,1.7732
8101000200,77.8,2.4391
8101000400,75.1,1.7002
8101000500,75,2.4942
8101000600,68.8,2.1326
8101000800,73.7,2.623
8101000902,75.5,1.2929
8101000904,77.1,1.5837
8101000905,71.1,1.9807
8101001000,73.7,1.3493
8101001100,77,3.6269
8101001200,71.6,2.075
8101001400,70.2,2.3906
8101001500,75.2,1.3831
8101001600,77.6,1.3927
8101001700,79.2,1.1311
8101001800,76.4,1.8236
8101001900,78.5,1.4708
8101002000,73.8,3.0712
8101002100,68.8,2.0327
8101002200,70.4,2.3661
8101002300,72.1,1.801
8101002400,74.7,2.3463
8101002500,73.5,1.7211
8101002600,67.9,1.463
8101002700,76.1,1.3068
8101002801,77.1,1.2836
8101002802,79.7,1.9834
8101002804,80.4,1.3048
8101002806,82,1.9521
8101002808,81.5,2.5871
8101002901,72.8,1.9789
8101002903,78.7,1.3419
8101002906,82.5,2.4798
8101002911,80.5,2.1702
8101002912,77.9,1.9034
8101002913,81.7,1.6699
8101002914,76.6,1.3793
8101002915,81,2.1162
8101002916,77.2,1.7174
8101002917,80.8,2.3362
8101002918,80.9,2.4914
8101003001,77.7,1.742
8101003004,79.8,1.4303
8101003103,75.6,2.4847
8101003104,79,1.5729
8101003105,79.7,1.431
8101003106,74.8,2.8249
8101003200,81,2.0229
8101003500,74.8,3.3161
8101003600,75.1,1.5172
8103951100,79.4,1.5414
8103951200,78.5,1.2344
8105976700,74.4,1.262
8105976800,74.8,1.7069
8105977000,87.6,2.6051
8107000100,81.4,3.1365
8107000200,83.9,2.4348
8107000300,83.9,2.0512
8107000400,77.7,3.2215
8107000500,81.9,2.1497
8107000600,82.2,3.4855
8107000700,81.7,2.6941
8107000800,81.4,1.5724
8109977600,87.5,3.2368
8109977700,77.7,1.391
8113968200,80.4,2.1492
8115968300,76.1,1.5101
8117000200,82.4,3.7362
8117000401,81.7,3.1558
8119010103,79,1.1292
8119010104,77.7,2.1035
8119010105,82.5,3.9907
8119010106,84,3.7125
8119010201,78.7,1.6808
8121924100,80,1.5268
8121924200,80.3,1.2914
8123000100,75.6,1.3044
8123000401,78.5,1.7249
8123000402,80.4,2.9412
8123000501,77.3,1.579
8123000502,77.8,3.2929
8123000600,76.1,3.4432
8123000701,77.2,1.5283
8123000703,79.5,3.1936
8123000705,74.4,3.3473
8123000800,73.2,1.4474
8123000900,81,1.2586
8123001003,75.9,2.1156
8123001004,74.4,1.5874
8123001005,76.4,1.7575
8123001006,79.5,1.372
8123001100,76.2,1.3193
8123001201,75.6,1.9926
8123001202,73.9,3.0112
8123001300,75.6,1.529
8123001404,80.5,3.4543
8123001405,80.4,2.1467
8123001406,81.3,1.8764
8123001407,82.2,1.8693
8123001408,79.9,2.0797
8123001409,79.1,1.4438
8123001410,83.7,1.5977
8123001412,75.8,2.6202
8123001413,79.2,1.8608
8123001414,80,1.6442
8123001415,82.1,2.5327
8123001416,85.1,2.8646
8123001417,80.7,3.8572
8123001500,78.7,1.1192
8123001600,76.8,2.4342
8123001700,88,2.9983
8123001800,80.7,1.2339
8123001902,77.9,2.5146
8123001905,80.6,2.7367
8123001907,79.7,1.9915
8123001908,79.1,2.2226
8123002004,74.4,1.6744
8123002007,82.3,2.2947
8123002008,82.1,2.3664
8123002010,79.8,2.8278
8123002013,78.5,3.3624
8123002014,77.6,2.0001
8123002018,73.5,3.4861
8123002019,76.2,2.2936
8123002020,81.2,2.9441
8123002101,78.6,1.9243
8123002102,84,2.6061
8123002103,82.5,3.1439
8123002203,81.4,2.4716
8123002205,75.5,1.2478
8123002206,80.1,1.9777
8123002207,83.1,3.5069
8123002209,88.5,3.6378
8123002300,83.9,2.3556
8123002501,83,2.142
8123002502,81.6,2.0371
8125963100,78.7,0.8045
8125963200,80.6,1.7612
